Image,FFT_Simple,FFT_Multiband,ID
DSC_0001.JPG,0.6193507793615894,0.501436325511541,1
DSC_0002.JPG,0.6208358817374519,0.5015649980202825,2
DSC_0003.JPG,0.6184353012680963,0.48968222413185214,3
DSC_0004.JPG,0.6202643897798995,0.492104913500036,4
DSC_0005.JPG,0.6128531506017768,0.4819851005794069,5
DSC_0006.JPG,0.6186587378146585,0.4878595895341137,6
DSC_0007.JPG,0.6144545398379159,0.5106687090776199,7
DSC_0008.JPG,0.6170342621036724,0.48368132514855844,8
DSC_0009.JPG,0.6285973375963744,0.5123822687207089,9
DSC_0010.JPG,0.6088886167321889,0.49243072529156573,10
DSC_0011.JPG,0.6227191478739135,0.5032304349168508,11
DSC_0012.JPG,0.6157698407467667,0.5012479545915299,12
DSC_0013.JPG,0.6105260966571175,0.4974169371099498,13
DSC_0014.JPG,0.6104109551286582,0.485640364751411,14
DSC_0015.JPG,0.6119464544378918,0.4970306702653913,15
DSC_0016.JPG,0.6177087846619739,0.5108179927321573,16
DSC_0017.JPG,0.6151343582027305,0.4839112165028465,17
DSC_0018.JPG,0.6152810029829893,0.4963019725209718,18
DSC_0019.JPG,0.6048655737571552,0.5016722631437901,19
DSC_0020.JPG,0.6084244319873483,0.48193387995108433,20
DSC_0021.JPG,0.6038815627272681,0.49574447379122166,21
DSC_0022.JPG,0.6189807639462902,0.49230057425290225,22
DSC_0023.JPG,0.6303869532321924,0.49018348149837965,23
DSC_0024.JPG,0.6091586569873815,0.4996751881128465,24
DSC_0025.JPG,0.590176597929358,0.4787363804544723,25
DSC_0026.JPG,0.6060440055621812,0.4778250122296971,26
DSC_0027.JPG,0.5966698982172878,0.47880161418202216,27
DSC_0028.JPG,0.595699188446,0.4783060468389452,28
DSC_0029.JPG,0.6048505920522544,0.4725666996248149,29
DSC_0030.JPG,0.6152929443821443,0.49231608089661827,30
DSC_0031.JPG,0.583979944538849,0.47753907047846195,31
DSC_0032.JPG,0.5930256505701543,0.46719826849410806,32
DSC_0033.JPG,0.5841124294391957,0.4725950956637952,33
DSC_0034.JPG,0.6002821394930893,0.4753560295775552,34
DSC_0035.JPG,0.6007430695641893,0.46892376631290295,35
DSC_0036.JPG,0.5918518338184087,0.47967797833959347,36
DSC_0037.JPG,0.6093466310836874,0.48786129112895354,37
DSC_0038.JPG,0.6009160929158482,0.49800460927098655,38
DSC_0039.JPG,0.5843340217413026,0.47492249968661354,39
DSC_0040.JPG,0.6011337060529914,0.5012087995893739,40
DSC_0041.JPG,0.6103522041137946,0.4968530105721332,41
DSC_0042.JPG,0.6012241946538168,0.4888070370763583,42
DSC_0043.JPG,0.6080538926954607,0.5318306571532948,43
DSC_0044.JPG,0.5999020619423466,0.4930666603492354,44
DSC_0045.JPG,0.6012031601924251,0.5175902593997377,45
DSC_0046.JPG,0.6163688469074282,0.46316589074164555,46
DSC_0047.JPG,0.6062201000204233,0.4845934499455056,47
DSC_0048.JPG,0.6042799836816599,0.4891853123850368,48
DSC_0049.JPG,0.6198469416775674,0.5207227168684476,49
DSC_0050.JPG,0.6138727491894806,0.5013199602404634,50
DSC_0051.JPG,0.6066912740999384,0.5099894666359507,51
DSC_0052.JPG,0.6205056246630977,0.506194827570182,52
DSC_0053.JPG,0.6255585030396229,0.49607031753157915,53
DSC_0054.JPG,0.6095230789375511,0.48734645540766497,54
DSC_0055.JPG,0.6204614528011397,0.5043651026015862,55
DSC_0056.JPG,0.6227463747692039,0.5035988971209996,56
DSC_0057.JPG,0.6167889759673261,0.5102438525051022,57
DSC_0058.JPG,0.6110166315821384,0.5027596660780359,58
DSC_0059.JPG,0.6156295490629204,0.4905558216873744,59
DSC_0060.JPG,0.6207741040947808,0.4978669042107185,60
DSC_0061.JPG,0.6237095698556692,0.4884067889278603,61
DSC_0062.JPG,0.6198046937214015,0.4930646380582544,62
DSC_0063.JPG,0.6177992467658092,0.4906503332228408,63
DSC_0064.JPG,0.62142567451645,0.4807816948022078,64
DSC_0065.JPG,0.6249049617467358,0.5078882591143928,65
DSC_0066.JPG,0.6244252084708194,0.4867139120464589,66
DSC_0067.JPG,0.6182724818410728,0.4869627070874814,67
DSC_0068.JPG,0.6182861565606285,0.4877793077353833,68
DSC_0069.JPG,0.62167109065893,0.5000736411871449,69
DSC_0070.JPG,0.6172068739473473,0.48325875847043975,70
DSC_0071.JPG,0.6160556840034342,0.4779046287672282,71
DSC_0072.JPG,0.6209290264847543,0.5013660784131723,72
DSC_0073.JPG,0.6415994099893664,0.5060694337521109,73
DSC_0074.JPG,0.62234241659184,0.5113942786512359,74
DSC_0075.JPG,0.6325667221928828,0.5021238032703338,75
DSC_0076.JPG,0.6244376636972425,0.49199567670962646,76
DSC_0077.JPG,0.6242915070674481,0.49677432907477437,77
DSC_0078.JPG,0.63392297492816,0.5190014687256608,78
DSC_0079.JPG,0.6333317412724458,0.5060580524921432,79
DSC_0080.JPG,0.6230357547763219,0.4851511947766951,80
DSC_0081.JPG,0.6226547978500109,0.5000284774607331,81
DSC_0082.JPG,0.634201228970208,0.5011318543727785,82
DSC_0083.JPG,0.626545649499047,0.4943599042987362,83
DSC_0084.JPG,0.6262722086627869,0.48111922169559457,84
DSC_0085.JPG,0.6189010732500202,0.5037406619611823,85
DSC_0086.JPG,0.6118059687992295,0.4824737048335747,86
DSC_0087.JPG,0.6243985242115436,0.47947761896489577,87
DSC_0088.JPG,0.6258955947131485,0.49070387423665507,88
DSC_0089.JPG,0.6097685227383867,0.4808221429230457,89
DSC_0090.JPG,0.6138505314662545,0.4913697373090409,90
DSC_0091.JPG,0.6276531914528118,0.5087285519006997,91
DSC_0092.JPG,0.6228521766870277,0.4988518548645807,92
DSC_0093.JPG,0.6256582070822485,0.4742627138233862,93
DSC_0094.JPG,0.6155200437281534,0.5150093657849858,94
DSC_0095.JPG,0.6135914311685179,0.4956182873332528,95
DSC_0096.JPG,0.6226155266550067,0.5099075892636606,96
DSC_0097.JPG,0.6173253714211466,0.5039471611775121,97
DSC_0098.JPG,0.6118735602279586,0.4799526335423734,98
DSC_0099.JPG,0.6165962073545435,0.478523371559458,99
DSC_0100.JPG,0.6118247189871289,0.5002238275087463,100
DSC_0101.JPG,0.6198037925583241,0.49670807805690825,101
DSC_0102.JPG,0.6241422732917471,0.498223242486553,102
DSC_0103.JPG,0.6278398005725562,0.499341379707641,103
DSC_0104.JPG,0.6292147806294929,0.5033465083093723,104
DSC_0105.JPG,0.6243099560481133,0.48243948546530663,105
